liczba danych, czas [ms], liczba testów
1024,0.000012000000,1000
2048,0.000014000000,1000
4096,0.000014000000,1000
8192,0.000021000000,1000
12288,0.000036000000,1000
16384,0.000043000000,1000
24576,0.000047000000,1000
32768,0.000040000000,1000
