liczba danych, czas [ms], liczba testów
1024,0.000117000000,1000
2048,0.000146000000,1000
4096,0.000127000000,1000
8192,0.000106000000,1000
12288,0.000168000000,1000
16384,0.000164000000,1000
24576,0.000197000000,1000
32768,0.000199000000,1000
